{
  "dependencies": {
    "cosmosdb1": {
      "resourceId": "/subscriptions/[parameters('subscriptionId')]/resourceGroups/[parameters('resourceGroup')]/providers/Microsoft.DocumentDB/databaseAccounts/botaxa-db",
      "type": "cosmosdb.azure",
      "connectionId": "mongodb://botaxa-db:6biQE3yOUfn6Uckf1Rnx9Ad8a7hy0lcpQi8eMFzCvznR4T3wpX4AdR5rR7GhRRuLsHKKkDkRIZkEeR2QKuk2vA==@botaxa-db.mongo.cosmos.azure.com:10255/?ssl=true&replicaSet=globaldb&retrywrites=false&maxIdleTimeMS=120000&appName=@botaxa-db@",
      "secretStore": "LocalSecretsFile"
    }
  }
}